0100055135V2 ,0100055135,MO,2011,2006,FORD,,SIL,SIL, ,2,19,N,NA,NA,NA,N,U , ,NA,N , ,2 ,N,  ,NA, ,NA,NA,NA  ,NA, ,N,MO,1 ,F ,NA,  ,NA,Y ,V,W,NA,NA,N ,NA,12,NA,N ,  ,NULL,,,,,1 ,8 ,34,,,,,,,,,,,,,12,,,,,,,,,,,,,,,,,,,,,,,,,,,,,,,,,,,,,,,,,,,,,,,
0100096857V2 ,0100096857,KS,2011,2007,TOYT,,SIL,SIL, ,1,19,N,NA,NA,NA,N,U , ,NA,N , ,8 ,N,  ,NA, ,NA,NA,NA  ,NA, ,N,MO,1 ,F ,NA,  ,NA,Y ,V,W,NA,NA,N ,NA,12,NA,N ,  ,NULL,,,,,12,34,,,,,,,,,,,,,,U ,,,,,,,,,,,,,,,,,,,,,,,,,,,,,,,,,,,,,,,,,,,,,,,
3100031159V1 ,3100031159,MO,2011,2001,CHEV,Blazer,RED,NA , ,1,3 ,N,NA,NA,NA,N,NA, ,NA,N , ,18,N,  ,NA, ,NA,NA,NA  ,NA, ,Y,MO,1 ,E ,NA,  ,V ,Y ,V,S,NA,NA,N ,NA,12,NA,N ,  ,NULL,,,,,1 ,15,21,22,,,,,,,,,,,,12,,,,,,,,,,1 ,2 ,3 ,4 ,5 ,6 ,7 ,8 ,9 ,10,11,12,13,14,15,16,17,18,19,,,,,,,,,,,,,,,,,,,
0100092032V1 ,0100092032,MO,NA  ,NA  ,FORD,,WHI,WHI, ,0,1 ,N,NA,NA,NA,N,NA, ,NA,N , ,7 ,N,  ,NA, ,NA,NA,NA  ,NA,U,N,  ,NA,NA,NA,  ,NA,NA,V,W,NA,NA,N ,NA,12,NA,N ,  ,NULL,,,,,11,35,,,,,,,,,,,,,,12,,,,,,,,,,,,,,,,,,,,,,,,,,,,,,,,,,,,,,,,,,,,,,,
0100048310V1 ,0100048310,MO,2011,1997,PONT,,ONG,NA , ,1,1 ,N,NA,NA,NA,N,NA, ,NA,N , ,2 ,N,  ,NA, ,NA,NA,NA  ,NA, ,N,MO,1 ,F ,N ,  ,NA,Y ,V,E,NA,NA,N ,NA,12,NA,N ,  ,NULL,,,,,1 ,35,35,35,,,,,,,,,,,,12,,,,,,,,,,,,,,,,,,,,,,,,,,,,,,,,,,,,,,,,,,,,,,,
0100045144V1 ,0100045144,MO,2011,1999,DODG,,RED,NA , ,1,19,N,NA,NA,NA,N,L , ,NA,N , ,1 ,N,  ,NA, ,NA,NA,NA  ,NA, ,N,MO,1 ,F ,NA,  ,NA,N ,V,S,3 ,NA,N ,NA,12,NA,N ,  ,NULL,,,,,1 ,7 ,34,,,,,,,,,,,,,12,,,,,,,,,,,,,,,,,,,,,,,,,,,,,,,,,,,,,,,,,,,,,,,
0100015582V3 ,0100015582,MO,2010,2002,FORD,,RED,NA , ,0,1 ,N,NA,NA,NA,N,NA, ,NA,N , ,9 ,N,  ,NA, ,NA,NA,NA  ,NA,N,N,  ,NA,NA,NA,  ,NA,NA,V,E,NA,NA,N ,NA,12,NA,N ,  ,NULL,,,,,13,34,,,,,,,,,,,,,,12,,,,,,,,,,,,,,,,,,,,,,,,,,,,,,,,,,,,,,,,,,,,,,,
3100000921V1 ,3100000921,MO,2011,2003,DODG,Dakota,BLU,NA , ,1,19,N,NA,NA,NA,N,L , ,NA,N , ,1 ,N,  ,NA, ,NA,NA,NA  ,NA, ,Y,MO,2 ,NA,NA,  ,V ,Y ,V,E,NA,NA,N ,NA,12,NA,Y ,  ,NULL,,,,,1 ,17,15,8 ,7 ,20,36,,,,,,,,,9 ,,,,,,,,,,1 ,2 ,14,15,,,,,,,,,,,,,,,,,,,,,,39        ,,,,,,,,,,,,
0100118733V1 ,0100118733,MO,2011,2005,FORD,,BLU,NA , ,1,1 ,N,NA,NA,NA,N,NA, ,NA,N , ,18,N,  ,NA, ,NA,NA,NA  ,NA, ,N,MO,1 ,F ,NA,  ,NA,Y ,V,N,NA,NA,N ,NA,12,NA,Y ,  ,NULL,,,,,1 ,3 ,8 ,7 ,36,,,,,,,,,,,12,,,,,,,,,,,,,,,,,,,,,,,,,,,,,,,,,,,29        ,,,,,,,,,,,,
0100091113V2 ,0100091113,MO,2010,1993,DODG,,WHI,NA , ,2,19,N,NA,NA,NA,Y,1 , ,NA,N , ,2 ,N,  ,NA, ,NA,NA,NA  ,NA, ,N,MO,2 ,B ,NA,  ,NA,Y ,V,W,NA,NA,N ,NA,12,NA,N ,  ,NULL,,,,,1 ,8 ,12,3 ,15,34,,,,,,,,,,12,,,,,,,,,,,,,,,,,,,,,,,,,,,,,,,,,,,,,,,,,,,,,,,
0100040980V1 ,0100040980,MO,2010,1990,FORD,,WHI,NA , ,1,1 ,N,NA,NA,NA,N,NA, ,NA,N , ,9 ,N,  ,NA, ,NA,NA,NA  ,NA, ,N,MO,1 ,E ,N ,  ,NA,Y ,V,E,NA,NA,N ,NA,12,NA,N ,  ,NULL,,,,,11,34,,,,,,,,,,,,,,U ,,,,,,,,,,,,,,,,,,,,,,,,,,,,,,,,,,,,,,,,,,,,,,,
3100020419V1 ,3100020419,MO,2011,2007,FORD,Fusion,RED,NA , ,1,1 ,N,NA,NA,NA,N,NA, ,NA,N , ,2 ,N,  ,NA, ,NA,NA,NA  ,NA, ,Y,MO,1 ,F ,NA,  ,V ,Y ,V,E,NA,NA,N ,NA,12,NA,Y ,  ,NULL,,,,,15,34,7 ,,,,,,,,,,,,,12,,,,,,,,,,1 ,2 ,3 ,4 ,13,14,15,,,,,,,,,,,,,,,,,,,,,,,,,,,,,,,
0100087929V2 ,0100087929,MO,2012,2007,ACUR,,SIL,SIL, ,2,3 ,N,NA,NA,NA,N,NA, ,NA,N , ,13,N,  ,NA, ,NA,NA,NA  ,NA, ,N,MO,1 ,F ,NA,  ,NA,Y ,V,N,NA,NA,N ,NA,5 ,NA,Y ,  ,NULL,,,,,1 ,34,,,,,,,,,,,,,,12,,,,,,,,,,,,,,,,,,,,,,,,,,,,,,,,,,,,,,,,,,,,,,,
0100120340V1 ,0100120340,MO,2010,2008,TOYT,,BLK,NA , ,1,1 ,N,NA,NA,NA,N,NA, ,NA,N , ,1 ,N,  ,NA, ,NA,NA,NA  ,NA, ,N,MO,1 ,F ,NA,  ,NA,N ,V,N,NA,NA,N ,NA,12,NA,Y ,  ,NULL,,,,,1 ,34,,,,,,,,,,,,,,4 ,,,,,,,,,,,,,,,,,,,,,,,,,,,,,,,,,,,,,,,,,,,,,,,
2100000844V1 ,2100000844,MO,2010,1993,HOND,ACC,GLD,NA , ,1,1 ,N,NA,NA,NA,N,NA, ,NA,N , ,14,N,  ,NA, ,NA,NA,NA  ,NA, ,Y,MO,1 ,F ,N ,  ,NA,N ,V,W,NA,NA,N ,NA,12,NA,N ,  ,NULL,,,,,1 ,34,,,,,,,,,,,,,,12,,,,,,,,,,1 ,2 ,13,14,,,,,,,,,,,,,,,,,,,,,,,,,,,,,,,,,,
3100026920V2 ,3100026920,UK,U   ,U   ,U   ,UNK,WHI,NA , ,0,19,N,NA,NA,NA,N,L , ,NA,N , ,12,N,  ,NA, ,NA,NA,NA  ,NA,U,Y,NA,NA,NA,NA,  ,V ,U ,V,S,NA,NA,N ,NA,12,NA,N ,  ,NULL,,,,,1 ,17,34,,,,,,,,,,,,,9 ,,,,,,,,,,12,,,,,,,,,,,,,,,,,,,,,,,,,,,,,,,,,,,,,
0100115857V2 ,0100115857,MO,2012,2008,CHEV,,BLK,BLK, ,1,19,N,NA,NA,NA,N,U , ,NA,N , ,8 ,N,  ,NA, ,NA,NA,NA  ,NA, ,N,MO,1 ,F ,NA,  ,NA,Y ,V,S,NA,NA,N ,NA,12,NA,N ,  ,NULL,,,,,1 ,8 ,12,34,,,,,,,,,,,,12,,,,,,,,,,,,,,,,,,,,,,,,,,,,,,,,,,,,,,,,,,,,,,,
0100117086V2 ,0100117086,MO,2010,2002,FORD,,GRY,NA , ,1,19,N,NA,NA,NA,N,L , ,NA,N , ,5 ,N,  ,NA, ,NA,NA,NA  ,NA, ,N,MO,1 ,F ,NA,  ,NA,Y ,V,W,NA,NA,N ,NA,12,NA,Y ,  ,NULL,,,,,1 ,34,,,,,,,,,,,,,,12,,,,,,,,,,,,,,,,,,,,,,,,,,,,,,,,,,,,,,,,,,,,,,,
3100025006V2 ,3100025006,KS,2011,2001,NISS,Maxima,BLU,NA , ,1,1 ,N,NA,NA,NA,N,NA, ,NA,N , ,2 ,N,  ,NA, ,NA,NA,NA  ,NA, ,N,MO,1 ,F ,NA,  ,V ,Y ,V,W,NA,NA,N ,NA,12,NA,Y ,  ,NULL,,,,,1 ,34,,,,,,,,,,,,,,12,,,,,,,,,,1 ,2 ,3 ,4 ,14,15,18,,,,,,,,,,,,,,,,,,,,,,,,,,,,,,,
2100003037V1 ,2100003037,MO,2011,2005,FORD,EXC,GRN,NA , ,3,3 ,N,NA,NA,NA,N,NA, ,NA,N , ,17,N,  ,NA, ,NA,NA,NA  ,NA, ,Y,MO,2 ,NA,NA,  ,V ,Y ,V,W,NA,NA,N ,NA,5 ,NA,N ,  ,NULL,,,,,12,34,,,,,,,,,,,,,,12,,,,,,,,,,8 ,17,,,,,,,,,,,,,,,,,,,,,,,,,,,,,,,,,,,,
0100110378V2 ,0100110378,MO,2011,2007,TOYT,,DBL,NA , ,0,1 ,N,NA,NA,NA,N,NA, ,NA,N , ,14,N,  ,NA, ,NA,NA,NA  ,NA,N,N,  ,NA,NA,NA,  ,NA,NA,V,W,NA,NA,N ,NA,12,NA,N ,  ,NULL,,,,,13,34,,,,,,,,,,,,,,12,,,,,,,,,,,,,,,,,,,,,,,,,,,,,,,,,,,,,,,,,,,,,,,
2100000766V2 ,2100000766,MO,2015,1995,OLDS,CUT,GRN,NA , ,1,1 ,N,NA,NA,NA,N,NA, ,NA,N , ,8 ,N,  ,NA, ,NA,NA,NA  ,NA, ,Y,MO,1 ,F ,NA,  ,V ,Y ,V,E,NA,NA,N ,NA,12,NA,N ,  ,NULL,,,,,1 ,12,34,1 ,34,,,,,,,,,,,12,,,,,,,,,,1 ,2 ,8 ,14,15,17,,,,,,,,,,,,,,,,,,,,,,,,,,,,,,,,
0100118487V1 ,0100118487,MO,2011,2001,DODG,,BLK,NA , ,1,19,N,NA,NA,NA,N,U , ,NA,N , ,13,N,  ,NA, ,NA,NA,NA  ,NA, ,N,MO,1 ,F ,N ,  ,NA,Y ,V,N,NA,NA,N ,NA,12,NA,Y ,  ,NULL,,,,,4 ,7 ,36,,,,,,,,,,,,,12,,,,,,,,,,,,,,,,,,,,,,,,,,,,,,,,,,,29        ,,,,,,,,,,,,
0100074972V2 ,0100074972,MO,2012,2010,CHEV,,BLU,NA , ,1,3 ,N,NA,NA,NA,N,NA, ,NA,N , ,8 ,N,  ,NA, ,NA,NA,NA  ,NA, ,N,MO,1 ,F ,NA,  ,NA,Y ,V,N,NA,NA,N ,NA,12,NA,N ,  ,NULL,,,,,1 ,8 ,34,,,,,,,,,,,,,12,,,,,,,,,,,,,,,,,,,,,,,,,,,,,,,,,,,,,,,,,,,,,,,
3100018454V1 ,3100018454,MO,2011,1996,EAGI,Vision,GLD,NA , ,1,1 ,N,NA,NA,NA,N,NA, ,NA,N , ,2 ,N,  ,NA, ,NA,NA,NA  ,NA, ,N,MO,1 ,F ,NA,  ,V ,Y ,V,E,NA,NA,N ,NA,12,NA,N ,  ,NULL,,,,,1 ,15,7 ,34,17,,,,,,,,,,,9 ,,,,,,,,,,1 ,2 ,3 ,4 ,15,,,,,,,,,,,,,,,,,,,,,,,,,,,,,,,,,
0100072416V1 ,0100072416,MO,2011,2003,FORD,,GLD,NA , ,1,19,N,NA,NA,NA,N,L , ,NA,N , ,14,N,  ,NA, ,NA,NA,NA  ,NA, ,N,UK,4 ,NA,NA,  ,NA,Y ,V,S,NA,NA,N ,NA,12,NA,N ,  ,NULL,,,,,1 ,34,,,,,,,,,,,,,,12,,,,,,,,,,,,,,,,,,,,,,,,,,,,,,,,,,,,,,,,,,,,,,,
2100004469V1 ,2100004469,MO,2012,2002,FORD,F15,BLU,NA , ,2,19,N,NA,NA,NA,N,L , ,NA,N ,Y,8 ,N,  ,NA, ,NA,NA,NA  ,NA, ,Y,MO,1 ,F ,NA,  ,V ,Y ,V,E,NA,NA,N ,NA,12,NA,N ,  ,NULL,,,,,12,11,34,,,,,,,,,,,,,4 ,,,,,,,,,,,,,,,,,,,,,,,,,,,,,,,,,,,,,,,,,,,,,,,
0100062302V2 ,0100062302,MO,2012,2000,CHRY,,RED,NA , ,1,1 ,N,NA,NA,NA,N,NA, ,NA,N , ,9 ,N,  ,NA, ,NA,NA,NA  ,NA, ,N,SC,1 ,D ,NA,  ,NA,Y ,V,E,NA,NA,N ,NA,12,NA,N ,  ,NULL,,,,,8 ,34,,,,,,,,,,,,,,7 ,,,,,,,,,,,,,,,,,,,,,,,,,,,,,,,,,,,,,,,,,,,,,,,
0100110604V2 ,0100110604,MO,2011,2009,HYUN,,SIL,NA , ,1,1 ,N,NA,NA,NA,N,NA, ,NA,N , ,8 ,N,  ,NA, ,NA,NA,NA  ,NA, ,N,MO,1 ,F ,NA,  ,NA,Y ,V,S,NA,NA,N ,NA,12,NA,N ,  ,NULL,,,,,3 ,8 ,12,34,,,,,,,,,,,,7 ,,,,,,,,,,,,,,,,,,,,,,,,,,,,,,,,,,,,,,,,,,,,,,,
2100006282V1 ,2100006282,MO,2011,2005,CHEV,SLV,BLK,NA , ,2,3 ,N,NA,NA,NA,N,NA, ,NA,N , ,7 ,N,  ,NA, ,NA,NA,NA  ,NA, ,Y,MO,1 ,F ,NA,  ,V ,Y ,V,N,2 ,NA,N ,NA,12,NA,N ,  ,NULL,,,,,1 ,8 ,34,,,,,,,,,,,,,12,,,,,,,,,,7 ,8 ,18,,,,,,,,,,,,,,,,,,,,,,,,,,,,,,,,,,,
0100064028V1 ,0100064028,MO,2010,2001,OLDS,,WHI,NA , ,1,1 ,N,NA,NA,NA,N,NA, ,NA,N , ,1 ,N,  ,NA, ,NA,NA,NA  ,NA, ,N,MO,1 ,F ,NA,  ,NA,Y ,V,E,NA,NA,N ,NA,12,NA,N ,  ,NULL,,,,,1 ,6 ,34,,,,,,,,,,,,,12,,,,,,,,,,,,,,,,,,,,,,,,,,,,,,,,,,,,,,,,,,,,,,,
0100060378V1 ,0100060378,TX,2010,2006,DODG,,BLU,NA , ,2,5 ,N,NA,NA,NA,N,NA, ,NA,N , ,1 ,N,  ,NA, ,NA,NA,NA  ,NA, ,N,UK,U ,NA,NA,  ,NA,Y ,V,N,3 ,NA,N ,NA,12,NA,N ,  ,NULL,,,,,1 ,8 ,34,,,,,,,,,,,,,U ,,,,,,,,,,,,,,,,,,,,,,,,,,,,,,,,,,,,,,,,,,,,,,,
0100060961V2 ,0100060961,MO,2011,1999,FORD,,GRN,NA , ,5,3 ,N,NA,NA,NA,N,NA, ,NA,N , ,8 ,N,  ,NA, ,NA,NA,NA  ,NA, ,N,MO,1 ,F ,NA,  ,NA,Y ,V,E,3 ,NA,N ,NA,12,NA,Y ,  ,NULL,,,,,1 ,8 ,34,,,,,,,,,,,,,12,,,,,,,,,,,,,,,,,,,,,,,,,,,,,,,,,,,,,,,,,,,,,,,
3100019846V2 ,3100019846,MO,2012,2004,CHEV,Cavalier,SIL,NA , ,1,1 ,N,NA,NA,NA,N,NA, ,NA,N , ,8 ,N,  ,NA, ,NA,NA,NA  ,NA, ,Y,MO,1 ,F ,NA,  ,V ,Y ,V,S,NA,NA,N ,NA,12,NA,N ,  ,NULL,,,,,1 ,14,8 ,34,,,,,,,,,,,,12,,,,,,,,,,6 ,7 ,8 ,9 ,10,17,,,,,,,,,,,,,,,,,,,,,,,,,,,,,,,,
2100002014V7 ,2100002014,MO,2010,2008,SCIO,OTHR,WHI,NA , ,1,1 ,N,NA,NA,NA,N,NA, ,NA,N , ,8 ,N,  ,NA, ,NA,NA,NA  ,NA, ,Y,MO,1 ,F ,NA,  ,V ,Y ,V,E,2 ,NA,N ,NA,12,NA,Y ,  ,NULL,,,,,1 ,8 ,12,34,,,,,,,,,,,,12,,,,,,,,,,1 ,2 ,7 ,8 ,9 ,14,,,,,,,,,,,,,,,,,,,,,,,,,,,,,,,,
0100072421V2 ,0100072421,MO,2011,2000,BUIC,,DGR,NA , ,0,1 ,N,NA,NA,NA,N,NA, ,NA,N , ,12,N,  ,NA, ,NA,NA,NA  ,NA,N,N,  ,NA,NA,NA,  ,NA,NA,V,N,NA,NA,N ,NA,12,NA,N ,  ,NULL,,,,,13,34,,,,,,,,,,,,,,12,,,,,,,,,,,,,,,,,,,,,,,,,,,,,,,,,,,,,,,,,,,,,,,
0100081030V1 ,0100081030,MO,2010,1996,HOND,,GLD,NA , ,1,1 ,N,NA,NA,NA,N,NA, ,NA,N , ,14,N,  ,NA, ,NA,NA,NA  ,NA,U,N,  ,NA,NA,NA,  ,NA,NA,V,N,NA,NA,N ,NA,5 ,NA,N ,  ,NULL,,,,,1 ,14,34,,,,,,,,,,,,,12,,,,,,,,,,,,,,,,,,,,,,,,,,,,,,,,,,,,,,,,,,,,,,,
2100001195V1 ,2100001195,MO,2015,2001,VOLK,JET,RED,NA , ,1,1 ,N,NA,NA,NA,N,NA, ,NA,N , ,2 ,N,  ,NA, ,NA,NA,NA  ,NA, ,Y,MO,1 ,F ,NA,  ,D ,Y ,V,S,NA,NA,N ,NA,12,NA,N ,  ,NULL,,,,,1 ,34,,,,,,,,,,,,,,12,,,,,,,,,,2 ,3 ,,,,,,,,,,,,,,,,,,,,,,,,,,,,,,,,,,,,
2100005984V1 ,2100005984,MO,2010,1998,CHEV,MAL,MAR,NA , ,1,1 ,N,NA,NA,NA,N,NA, ,NA,N , ,3 ,N,  ,NA, ,NA,NA,NA  ,NA, ,Y,MO,1 ,F ,NA,  ,V ,Y ,V,N,NA,NA,N ,NA,12,NA,N ,  ,NULL,,,,,1 ,14,34,,,,,,,,,,,,,12,,,,,,,,,,3 ,4 ,5 ,,,,,,,,,,,,,,,,,,,,,,,,,,,,,,,,,,,
0100090945V2 ,0100090945,MO,2011,2003,CHEV,,BLU,NA , ,2,1 ,N,NA,NA,NA,N,NA, ,NA,N , ,5 ,N,  ,NA, ,NA,NA,NA  ,NA, ,N,MO,1 ,F ,NA,  ,NA,Y ,V,E,NA,NA,N ,NA,5 ,NA,Y ,  ,NULL,,,,,1 ,5 ,34,36,,,,,,,,,,,,12,,,,,,,,,,,,,,,,,,,,,,,,,,,,,,,,,,,27        ,,,,,,,,,,,,
0100016542V1 ,0100016542,MO,2011,2003,CHEV,,TAN,NA , ,1,3 ,N,NA,NA,NA,N,NA, ,NA,N , ,14,N,  ,NA, ,NA,NA,NA  ,NA, ,N,MO,1 ,F ,N ,  ,NA,Y ,V,N,NA,NA,N ,NA,12,NA,N ,  ,NULL,,,,,12,34,,,,,,,,,,,,,,12,,,,,,,,,,,,,,,,,,,,,,,,,,,,,,,,,,,,,,,,,,,,,,,
0100108023V1 ,0100108023,MO,2010,2006,CHEV,,RED,NA , ,1,20,N,NA,NA,NA,N,G , ,NA,N , ,5 ,N,  ,NA, ,NA,NA,NA  ,NA, ,N,MO,2 ,C ,NA,  ,NA,Y ,V,N,NA,NA,N ,NA,12,NA,N ,  ,NULL,,,,,1 ,8 ,35,,,,,,,,,,,,,12,,,,,,,,,,,,,,,,,,,,,,,,,,,,,,,,,,,,,,,,,,,,,,,
0100056554V1 ,0100056554,MO,2011,1995,BUIC,,TAN,NA , ,1,1 ,N,NA,NA,NA,N,NA, ,NA,N , ,1 ,N,  ,NA, ,NA,NA,NA  ,NA, ,N,MO,1 ,F ,N ,  ,NA,Y ,V,E,NA,NA,N ,NA,12,NA,N ,  ,NULL,,,,,1 ,34,,,,,,,,,,,,,,12,,,,,,,,,,,,,,,,,,,,,,,,,,,,,,,,,,,,,,,,,,,,,,,
0100077842V1 ,0100077842,MO,2011,1994,FORD,,GRN,NA , ,1,3 ,N,NA,NA,NA,N,NA, ,NA,N , ,2 ,N,  ,NA, ,NA,NA,NA  ,NA, ,N,MO,4 ,NA,NA,  ,NA,Y ,V,W,NA,NA,N ,NA,5 ,NA,Y ,  ,NULL,,,,,1 ,34,21,29,,,,,,,,,,,,12,,,,,,,,,,,,,,,,,,,,,,,,,,,,,,,,,,,,,,,,,,,,,,,
2100009078V1 ,2100009078,IL,2010,2008,HOND,CIV,GRY,NA , ,1,1 ,N,NA,NA,NA,N,NA, ,NA,N , ,2 ,N,  ,NA, ,NA,NA,NA  ,NA, ,Y,MO,1 ,F ,NA,  ,V ,Y ,V,S,NA,NA,N ,NA,12,NA,N ,  ,NULL,,,,,5 ,34,,,,,,,,,,,,,,12,,,,,,,,,,2 ,3 ,,,,,,,,,,,,,,,,,,,,,,,,,,,,,,,,,,,,
2100006384V2 ,2100006384,MO,2010,2008,NISS,OTHR,BRO,NA , ,4,1 ,N,NA,NA,NA,N,NA, ,NA,N , ,1 ,N,  ,NA, ,NA,NA,NA  ,NA, ,Y,MO,1 ,E ,NA,  ,V ,Y ,V,E,NA,NA,N ,NA,12,NA,Y ,  ,NULL,,,,,1 ,8 ,12,34,,,,,,,,,,,,12,,,,,,,,,,1 ,2 ,3 ,13,14,15,,,,,,,,,,,,,,,,,,,,,,,,,,,,,,,,
2100002701V1 ,2100002701,MO,2010,2000,JEEP,CHK,SIL,NA , ,1,3 ,N,NA,NA,NA,N,NA, ,NA,N , ,2 ,N,  ,NA, ,NA,NA,NA  ,NA, ,N,MO,1 ,F ,N ,  ,V ,Y ,V,W,NA,NA,N ,NA,12,NA,N ,  ,NULL,,,,,1 ,35,,,,,,,,,,,,,,12,,,,,,,,,,1 ,2 ,,,,,,,,,,,,,,,,,,,,,,,,,,,,,,,,,,,,
0100121256V2 ,0100121256,NA,NA  ,NA  ,    ,,NA ,NA , ,0,U ,N,NA,NA,NA,N,NA, ,NA,N , ,U ,N,  ,NA, ,NA,NA,NA  ,NA,U,N,  ,NA,NA,NA,  ,NA,NA,V,U,U ,NA,N ,NA,12,NA,N ,  ,NULL,,,,,11,35,,,,,,,,,,,,,,U ,,,,,,,,,,,,,,,,,,,,,,,,,,,,,,,,,,,,,,,,,,,,,,,
0100038005V1 ,0100038005,MO,2011,1989,DODG,,RED,NA , ,2,3 ,N,NA,NA,NA,N,NA, ,NA,N , ,14,N,  ,NA, ,NA,NA,NA  ,NA, ,N,MO,1 ,F ,NA,  ,NA,Y ,V,S,NA,NA,N ,NA,12,NA,N ,  ,NULL,,,,,5 ,34,,,,,,,,,,,,,,12,,,,,,,,,,,,,,,,,,,,,,,,,,,,,,,,,,,,,,,,,,,,,,,
0100043792V2 ,0100043792,MO,2010,2004,FORD,,WHI,NA , ,2,5 ,N,NA,NA,NA,N,NA, ,NA,N , ,3 ,N,  ,NA, ,NA,NA,NA  ,NA, ,N,UK,U ,NA,NA,  ,NA,Y ,V,E,NA,NA,N ,NA,5 ,NA,N ,  ,NULL,,,,,1 ,34,,,,,,,,,,,,,,12,,,,,,,,,,,,,,,,,,,,,,,,,,,,,,,,,,,,,,,,,,,,,,,
0100081993V2 ,0100081993,KS,2011,2011,TOYT,,WHI,NA , ,1,3 ,N,NA,NA,NA,N,NA, ,NA,N , ,8 ,N,  ,NA, ,NA,NA,NA  ,NA, ,N,KS,1 ,A ,NA,  ,NA,Y ,V,N,NA,NA,N ,NA,12,NA,N ,  ,NULL,,,,,1 ,8 ,12,34,,,,,,,,,,,,U ,,,,,,,,,,,,,,,,,,,,,,,,,,,,,,,,,,,,,,,,,,,,,,,
0100060071V1 ,0100060071,US,U   ,U   ,U   ,,WHI,NA , ,1,1 ,N,NA,NA,NA,N,NA, ,NA,N , ,2 ,N,  ,NA, ,NA,NA,NA  ,NA, ,N,MO,U ,NA,NA,  ,NA,Y ,V,N,NA,NA,N ,NA,12,NA,N ,  ,NULL,,,,,1 ,35,,,,,,,,,,,,,,U ,,,,,,,,,,,,,,,,,,,,,,,,,,,,,,,,,,,,,,,,,,,,,,,
0100010303V2 ,0100010303,MO,2010,2004,FORD,,RED,NA , ,0,19,N,NA,NA,NA,N,U , ,NA,N , ,14,N,  ,NA, ,NA,NA,NA  ,NA,N,N,  ,NA,NA,NA,  ,NA,NA,V,E,NA,NA,N ,NA,12,NA,N ,  ,NULL,,,,,13,34,,,,,,,,,,,,,,12,,,,,,,,,,,,,,,,,,,,,,,,,,,,,,,,,,,,,,,,,,,,,,,
2100004278V2 ,2100004278,MO,2011,2003,OLDS,ALO,GRN,NA , ,2,1 ,N,NA,NA,NA,N,NA, ,NA,N , ,2 ,N,  ,NA, ,NA,NA,NA  ,NA, ,Y,MO,1 ,F ,NA,  ,V ,Y ,V,W,NA,NA,N ,NA,12,NA,Y ,  ,NULL,,,,,1 ,34,,,,,,,,,,,,,,12,,,,,,,,,,2 ,3 ,,,,,,,,,,,,,,,,,,,,,,,,,,,,,,,,,,,,
0100056188V4 ,0100056188,MO,2011,2005,NISS,,GLD,NA , ,1,1 ,N,NA,NA,NA,N,NA, ,NA,N , ,8 ,N,  ,NA, ,NA,NA,NA  ,NA, ,N,MO,1 ,E ,NA,  ,NA,Y ,V,W,3 ,NA,N ,NA,12,NA,N ,  ,NULL,,,,,12,34,34,,,,,,,,,,,,,12,,,,,,,,,,,,,,,,,,,,,,,,,,,,,,,,,,,,,,,,,,,,,,,
0100083052V1 ,0100083052,MO,2010,2004,SUZI,,BLU,NA , ,1,3 ,N,NA,NA,NA,N,NA, ,NA,N ,Y,2 ,N,  ,NA, ,NA,NA,NA  ,NA, ,N,MO,1 ,F ,NA,  ,NA,Y ,V,E,NA,NA,N ,NA,12,NA,N ,  ,NULL,,,,,1 ,8 ,34,,,,,,,,,,,,,4 ,,,,,,,,,,,,,,,,,,,,,,,,,,,,,,,,,,,,,,,,,,,,,,,
0100065064V2 ,0100065064,MO,2011,2002,AUDI,,SIL,NA , ,1,1 ,N,NA,NA,NA,N,NA, ,NA,N , ,1 ,N,  ,NA, ,NA,NA,NA  ,NA, ,N,MO,1 ,F ,NA,  ,NA,Y ,V,N,NA,NA,N ,NA,5 ,NA,N ,  ,NULL,,,,,12,34,,,,,,,,,,,,,,12,,,,,,,,,,,,,,,,,,,,,,,,,,,,,,,,,,,,,,,,,,,,,,,
0100103582V2 ,0100103582,MO,2011,2000,PONT,,WHI,NA , ,2,1 ,N,NA,NA,NA,N,NA, ,NA,N , ,8 ,N,  ,NA, ,NA,NA,NA  ,NA, ,N,MO,1 ,F ,NA,  ,NA,Y ,V,S,NA,NA,N ,NA,5 ,NA,N ,  ,NULL,,,,,12,34,,,,,,,,,,,,,,12,,,,,,,,,,,,,,,,,,,,,,,,,,,,,,,,,,,,,,,,,,,,,,,
3100023965V1 ,3100023965,MO,2012,2008,FORD,Van,WHI,NA , ,1,5 ,N,NA,NA,NA,N,NA, ,NA,N , ,2 ,N,  ,NA, ,NA,NA,NA  ,NA, ,N,MO,1 ,F ,NA,  ,NA,N ,V,N,NA,NA,N ,NA,12,NA,Y ,  ,NULL,,,,,1 ,20,36,7 ,29,17,21,,,,,,,,,12,,,,,,,,,,1 ,2 ,3 ,4 ,5 ,6 ,7 ,8 ,9 ,10,11,12,13,14,15,16,17,18,19,,,,,,,22        ,32        ,,,,,,,,,,,
0100070378V1 ,0100070378,MO,2011,2001,GMC ,,WHI,NA , ,1,19,N,NA,NA,NA,N,L , ,NA,N , ,1 ,N,  ,NA, ,NA,NA,NA  ,NA, ,N,MO,1 ,F ,NA,  ,NA,Y ,V,W,NA,NA,N ,NA,12,NA,N ,  ,NULL,,,,,1 ,34,,,,,,,,,,,,,,9 ,,,,,,,,,,,,,,,,,,,,,,,,,,,,,,,,,,,,,,,,,,,,,,,
0100108567V1 ,0100108567,MO,2011,2003,CHEV,,BLK,NA , ,1,1 ,N,NA,NA,NA,N,NA, ,NA,N , ,2 ,N,  ,NA, ,NA,NA,NA  ,NA, ,N,MO,1 ,F ,N ,  ,NA,Y ,V,W,NA,NA,N ,NA,12,NA,Y ,  ,NULL,,,,,1 ,34,35,,,,,,,,,,,,,4 ,,,,,,,,,,,,,,,,,,,,,,,,,,,,,,,,,,,,,,,,,,,,,,,
0100068456V1 ,0100068456,NA,NA  ,NA  ,    ,,NA ,NA , ,0,1 ,N,NA,NA,NA,N,NA, ,NA,N , ,U ,N,  ,NA, ,NA,NA,NA  ,NA,U,N,  ,NA,NA,NA,  ,NA,NA,V,S,NA,NA,N ,NA,12,NA,N ,  ,NULL,,,,,1 ,34,,,,,,,,,,,,,,U ,,,,,,,,,,,,,,,,,,,,,,,,,,,,,,,,,,,,,,,,,,,,,,,
0100106872V2 ,0100106872,MO,2011,2005,PONT,,SIL,NA , ,1,1 ,N,NA,NA,NA,N,NA, ,NA,N , ,8 ,N,  ,NA, ,NA,NA,NA  ,NA, ,N,MO,1 ,F ,NA,  ,NA,Y ,V,E,NA,NA,N ,NA,12,NA,Y ,  ,NULL,,,,,1 ,8 ,34,,,,,,,,,,,,,12,,,,,,,,,,,,,,,,,,,,,,,,,,,,,,,,,,,,,,,,,,,,,,,
0100119551V2 ,0100119551,MO,2011,2005,CHRY,,WHI,NA , ,1,1 ,N,NA,NA,NA,N,NA, ,NA,N , ,1 ,N,  ,NA, ,NA,NA,NA  ,NA, ,N,MO,1 ,F ,N ,  ,NA,Y ,V,W,NA,NA,N ,NA,12,NA,N ,  ,NULL,,,,,1 ,34,,,,,,,,,,,,,,12,,,,,,,,,,,,,,,,,,,,,,,,,,,,,,,,,,,,,,,,,,,,,,,
3100013699V2 ,3100013699,MO,2011,2009,DODG,Caliber,BLK,NA , ,1,1 ,N,NA,NA,NA,N,NA, ,NA,N , ,5 ,N,  ,NA, ,NA,NA,NA  ,NA, ,Y,MO,1 ,F ,NA,  ,D ,Y ,V,S,NA,NA,N ,NA,12,NA,N ,  ,NULL,,,,,1 ,15,34,21,,,,,,,,,,,,12,,,,,,,,,,5 ,6 ,,,,,,,,,,,,,,,,,,,,,,,,,,,,,,,,,,,,
3100016493V1 ,3100016493,CA,2011,2010,CHRY,Sebring,GRY,NA , ,5,1 ,N,NA,NA,NA,N,NA, ,NA,N , ,2 ,N,  ,NA, ,NA,NA,NA  ,NA, ,N,CA,1 ,C ,NA,  ,D ,Y ,V,E,NA,NA,N ,NA,12,NA,N ,  ,NULL,60,,,,1 ,33,,,,,,,,,,,,,,12,,,,,,,,,,2 ,3 ,15,,,,,,,,,,,,,,,,,,,,,,,,,,,,,,,,,,,
0100063877V1 ,0100063877,MO,2012,2004,PONT,,BLK,BLK, ,1,1 ,N,NA,NA,NA,N,NA, ,NA,N , ,10,N,  ,NA, ,NA,NA,NA  ,NA, ,N,MO,1 ,F ,NA,  ,NA,N ,V,E,NA,NA,N ,NA,12,NA,Y ,  ,NULL,,,,,1 ,20,29,17,36,17,36,,,,,,,,,12,,,,,,,,,,,,,,,,,,,,,,,,,,,,,,,,,,,31        ,22        ,,,,,,,,,,,
0100109307V1 ,0100109307,MO,2011,1999,MERC,,GRN,NA , ,2,U ,N,NA,NA,NA,N,NA, ,NA,N , ,11,N,  ,NA, ,NA,NA,NA  ,NA, ,N,MO,1 ,F ,NA,  ,NA,Y ,V,W,NA,NA,N ,NA,12,NA,N ,  ,NULL,,,,,5 ,34,,,,,,,,,,,,,,12,,,,,,,,,,,,,,,,,,,,,,,,,,,,,,,,,,,,,,,,,,,,,,,
3100023412V1 ,3100023412,MO,2011,2003,FORD,Ranger,WHI,NA , ,1,19,N,NA,NA,NA,N,L , ,NA,N , ,14,N,  ,NA, ,NA,NA,NA  ,NA, ,N,MO,1 ,E ,NA,  ,V ,Y ,V,W,NA,NA,N ,NA,12,NA,N ,  ,NULL,,,,,12,9 ,34,,,,,,,,,,,,,4 ,,,,,,,,,,1 ,14,,,,,,,,,,,,,,,,,,,,,,,,,,,,,,,,,,,,
2100000155V2 ,2100000155,MO,2010,2000,VOLV,S80,TAN,NA , ,1,1 ,N,NA,NA,NA,N,NA, ,NA,N , ,14,N,  ,NA, ,NA,NA,NA  ,NA, ,Y,MO,1 ,F ,NA,  ,V ,Y ,V,E,NA,NA,N ,NA,12,NA,Y ,  ,NULL,,,,,5 ,34,,,,,,,,,,,,,,4 ,,,,,,,,,,1 ,2 ,13,14,15,,,,,,,,,,,,,,,,,,,,,,,,,,,,,,,,,
0100056234V2 ,0100056234,IL,2010,1999,CHEV,,BLK,NA , ,2,19,N,NA,NA,NA,N,1 , ,NA,N , ,8 ,N,  ,NA, ,NA,NA,NA  ,NA, ,N,IL,1 ,D ,NA,  ,NA,Y ,V,S,3 ,NA,N ,NA,12,NA,N ,  ,NULL,,,,,1 ,8 ,12,34,,,,,,,,,,,,12,,,,,,,,,,,,,,,,,,,,,,,,,,,,,,,,,,,,,,,,,,,,,,,
3100003474V2 ,3100003474,MO,2010,2004,DODG,1500,SIL,NA , ,2,19,N,NA,NA,NA,N,L , ,NA,N , ,13,N,  ,NA, ,NA,NA,NA  ,NA, ,Y,MO,1 ,F ,NA,  ,V ,Y ,V,E,NA,NA,N ,NA,12,NA,N ,  ,NULL,,,,,1 ,34,20,,,,,,,,,,,,,12,,,,,,,,,,12,13,,,,,,,,,,,,,,,,,,,,,,,,,,,,,,,,,,,,
0100101742V1 ,0100101742,MO,2010,1998,STRN,,RED,RED, ,1,1 ,N,NA,NA,NA,N,NA, ,NA,N , ,7 ,N,  ,NA, ,NA,NA,NA  ,NA, ,N,MO,1 ,F ,NA,  ,NA,Y ,V,W,NA,NA,N ,NA,12,NA,Y ,  ,NULL,,,,,1 ,7 ,18,21,36,,,,,,,,,,,12,,,,,,,,,,,,,,,,,,,,,,,,,,,,,,,,,,,29        ,,,,,,,,,,,,
0100047219V1 ,0100047219,MO,2010,2006,JEEP,,RED,NA , ,2,3 ,N,NA,NA,NA,N,NA, ,NA,N , ,7 ,N,  ,NA, ,NA,NA,NA  ,NA, ,N,MO,1 ,F ,NA,  ,NA,Y ,V,N,NA,NA,N ,NA,12,NA,N ,  ,NULL,,,,,10,11,35,,,,,,,,,,,,,12,,,,,,,,,,,,,,,,,,,,,,,,,,,,,,,,,,,,,,,,,,,,,,,
0100013340V1 ,0100013340,MO,2010,1990,CHEV,,BLU,NA , ,1,19,N,NA,NA,NA,N,U , ,NA,N , ,2 ,N,  ,NA, ,NA,NA,NA  ,NA, ,N,MO,1 ,F ,NA,  ,NA,N ,V,N,NA,NA,N ,NA,5 ,NA,N ,  ,NULL,,,,,5 ,34,,,,,,,,,,,,,,12,,,,,,,,,,,,,,,,,,,,,,,,,,,,,,,,,,,,,,,,,,,,,,,
0100093322V2 ,0100093322,MO,2011,2001,CHEV,,TAN,NA , ,1,1 ,N,NA,NA,NA,N,NA, ,NA,N , ,8 ,N,  ,NA, ,NA,NA,NA  ,NA, ,N,MO,1 ,F ,N ,  ,NA,Y ,V,W,NA,NA,N ,NA,5 ,NA,N ,  ,NULL,,,,,1 ,8 ,12,34,,,,,,,,,,,,12,,,,,,,,,,,,,,,,,,,,,,,,,,,,,,,,,,,,,,,,,,,,,,,
0100092099V3 ,0100092099,IL,2011,2001,PONT,,SIL,NA , ,1,1 ,N,NA,NA,NA,N,NA, ,NA,N , ,8 ,N,  ,NA, ,NA,NA,NA  ,NA, ,N,IL,1 ,D ,NA,  ,NA,Y ,V,W,NA,NA,N ,NA,5 ,NA,N ,  ,NULL,,,,,1 ,5 ,34,,,,,,,,,,,,,12,,,,,,,,,,,,,,,,,,,,,,,,,,,,,,,,,,,,,,,,,,,,,,,
0100062911V1 ,0100062911,MO,2011,1984,HOND,,BLK,BLK, ,2,10,N,2 ,NA,NA,N,NA, ,NA,N , ,8 ,N,  ,NA, ,NA,NA,NA  ,NA, ,N,MO,1 ,F ,N ,  ,NA,Y ,V,S,NA,NA,N ,NA,5 ,NA,N ,  ,NULL,,,,,12,34,,,,,,,,,,,,,,12,,,,,,,,,,,,,,,,,,,,,,,,,,,,,,,,,,,,,,,,,,,,,,,
0100097469V2 ,0100097469,NA,NA  ,NA  ,    ,,NA ,NA , ,2,13,N,NA,NA,NA,N,NA, ,NA,N , ,1 ,N,  ,NA, ,NA,NA,NA  ,NA, ,N,  ,NA,NA,NA,  ,NA,NR,V,W,NA,NA,N ,NA,12,NA,N ,  ,NULL,,,,,1 ,7 ,34,,,,,,,,,,,,,12,,,,,,,,,,,,,,,,,,,,,,,,,,,,,,,,,,,,,,,,,,,,,,,
0100018840V1 ,0100018840,MO,2011,1999,DODG,,RED,RED, ,0,19,N,NA,NA,NA,N,U , ,NA,N , ,14,N,  ,NA, ,NA,NA,NA  ,NA,U,N,  ,NA,NA,NA,  ,NA,NA,V,N,NA,NA,N ,NA,12,NA,N ,  ,NULL,,,,,5 ,7 ,34,,,,,,,,,,,,,4 ,,,,,,,,,,,,,,,,,,,,,,,,,,,,,,,,,,,,,,,,,,,,,,,
2100019528V2 ,2100019528,MO,2011,2005,HYUN,TCN,BLU,NA , ,1,3 ,N,NA,NA,NA,N,NA, ,NA,N , ,8 ,N,  ,NA, ,NA,NA,NA  ,NA, ,Y,MO,1 ,F ,N ,  ,V ,Y ,V,E,3 ,NA,N ,NA,5 ,NA,N ,  ,NULL,,,,,1 ,8 ,12,34,,,,,,,,,,,,12,,,,,,,,,,7 ,8 ,9 ,18,,,,,,,,,,,,,,,,,,,,,,,,,,,,,,,,,,
0100081494V1 ,0100081494,MO,2011,2001,CHEV,,RED,NA , ,1,19,N,NA,NA,NA,N,U , ,NA,N , ,14,N,  ,NA, ,NA,NA,NA  ,NA, ,N,MO,4 ,NA,NA,  ,NA,N ,V,N,NA,NA,N ,NA,12,NA,N ,  ,NULL,,,,,1 ,15,34,,,,,,,,,,,,,12,,,,,,,,,,,,,,,,,,,,,,,,,,,,,,,,,,,,,,,,,,,,,,,
2100011916V2 ,2100011916,MO,2011,U   ,U   ,,NA ,NA , ,0,19,N,NA,NA,NA,N,L , ,NA,N , ,1 ,N,  ,NA, ,NA,NA,NA  ,NA,U,N,  ,NA,NA,NA,  ,NA,NA,V,E,NA,NA,N ,NA,5 ,NA,N ,  ,NULL,,,,,1 ,34,,,,,,,,,,,,,,12,,,,,,,,,,1 ,2 ,14,,,,,,,,,,,,,,,,,,,,,,,,,,,,,,,,,,,
3100002575V2 ,3100002575,KS,2010,2005,DODG,Durango,SIL,NA , ,2,3 ,N,NA,NA,NA,N,NA, ,NA,N , ,1 ,N,  ,NA, ,NA,NA,NA  ,NA, ,Y,KS,1 ,C ,NA,  ,V ,NR,V,S,NA,NA,N ,NA,12,NA,N ,  ,NULL,,,,,1 ,34,,,,,,,,,,,,,,12,,,,,,,,,,1 ,2 ,14,15,,,,,,,,,,,,,,,,,,,,,,,,,,,,,,,,,,
2100012857V1 ,2100012857,IL,2010,1992,PONT,FBD,GRN,NA , ,1,1 ,N,NA,NA,NA,N,NA, ,NA,N , ,2 ,N,  ,NA, ,NA,NA,NA  ,NA, ,Y,IL,1 ,A ,NA,  ,V ,Y ,V,S,NA,NA,N ,NA,5 ,NA,N ,  ,NULL,,,,,1 ,14,35,,,,,,,,,,,,,12,,,,,,,,,,2 ,,,,,,,,,,,,,,,,,,,,,,,,,,,,,,,,,,,,,
0100039301V2 ,0100039301,MO,U   ,U   ,U   ,,NA ,NA , ,1,1 ,N,NA,NA,NA,N,NA, ,NA,N , ,1 ,N,  ,NA, ,NA,NA,NA  ,NA, ,N,MO,1 ,F ,NA,  ,NA,Y ,V,W,NA,NA,N ,NA,12,NA,N ,  ,NULL,,,,,1 ,34,,,,,,,,,,,,,,12,,,,,,,,,,,,,,,,,,,,,,,,,,,,,,,,,,,,,,,,,,,,,,,
0100013015V2 ,0100013015,MO,2010,1994,FORD,,GRY,NA , ,0,19,N,NA,NA,NA,N,U , ,NA,N , ,12,N,  ,NA, ,NA,NA,NA  ,NA,N,N,  ,NA,NA,NA,  ,NA,NA,V,N,NA,NA,N ,NA,12,NA,N ,  ,NULL,,,,,13,34,,,,,,,,,,,,,,12,,,,,,,,,,,,,,,,,,,,,,,,,,,,,,,,,,,,,,,,,,,,,,,
2100016452V3 ,2100016452,MO,2010,2006,MAZD,MZ3,SIL,NA , ,1,1 ,N,NA,NA,NA,N,NA, ,NA,N , ,8 ,N,  ,NA, ,NA,NA,NA  ,NA, ,N,MO,1 ,F ,NA,  ,V ,Y ,V,E,3 ,NA,N ,NA,12,NA,N ,  ,NULL,,,,,1 ,34,,,,,,,,,,,,,,12,,,,,,,,,,7 ,8 ,9 ,,,,,,,,,,,,,,,,,,,,,,,,,,,,,,,,,,,
0100069440V2 ,0100069440,MO,2011,2003,TOYT,,MAR,NA , ,1,1 ,N,NA,NA,NA,N,NA, ,NA,N , ,9 ,N,  ,NA, ,NA,NA,NA  ,NA, ,N,MO,1 ,F ,N ,  ,NA,Y ,V,S,U ,NA,N ,NA,12,NA,N ,  ,NULL,,,,,1 ,34,,,,,,,,,,,,,,U ,,,,,,,,,,,,,,,,,,,,,,,,,,,,,,,,,,,,,,,,,,,,,,,
2100019973V2 ,2100019973,MO,2011,1998,CADI,DEV,BLK,NA , ,1,1 ,N,NA,NA,NA,N,NA, ,NA,N , ,2 ,N,  ,NA, ,NA,NA,NA  ,NA, ,Y,MO,1 ,F ,N ,  ,V ,Y ,V,S,NA,NA,N ,NA,12,NA,N ,  ,NULL,,,,,1 ,34,,,,,,,,,,,,,,4 ,,,,,,,,,,2 ,,,,,,,,,,,,,,,,,,,,,,,,,,,,,,,,,,,,,
2100016542V2 ,2100016542,MO,2011,2007,HOND,CIV,GRY,NA , ,1,1 ,N,NA,NA,NA,N,NA, ,NA,N , ,8 ,N,  ,NA, ,NA,NA,NA  ,NA, ,N,MO,1 ,F ,NA,  ,V ,Y ,V,N,NA,NA,N ,NA,12,NA,N ,  ,NULL,,,,,5 ,1 ,12,34,,,,,,,,,,,,12,,,,,,,,,,8 ,,,,,,,,,,,,,,,,,,,,,,,,,,,,,,,,,,,,,
0100061022V2 ,0100061022,MO,2009,1984,GMC ,,BLU,NA , ,2,19,N,NA,NA,NA,N,L , ,NA,N , ,1 ,N,  ,NA, ,NA,NA,NA  ,NA, ,N,MO,2 ,A ,NA,  ,NA,N ,V,E,NA,NA,N ,NA,5 ,NA,Y ,  ,NULL,,,,,1 ,34,,,,,,,,,,,,,,12,,,,,,,,,,,,,,,,,,,,,,,,,,,,,,,,,,,,,,,,,,,,,,,
0100030372V2 ,0100030372,MO,2010,1998,GMC ,,BLK,NA , ,1,3 ,N,NA,NA,NA,N,NA, ,NA,N , ,8 ,N,  ,NA, ,NA,NA,NA  ,NA, ,N,MO,1 ,F ,NA,  ,NA,N ,V,E,3 ,NA,Y ,NA,12,NA,N ,  ,NULL,,,,,1 ,8 ,34,,,,,,,,,,,,,12,,,,,,,,,,,,,,,,,,,,,,,,,,,,,,,,,,,,,,,,,,,,,,,
0100031240V1 ,0100031240,MO,2010,2000,FORD,,SIL,NA , ,2,1 ,N,NA,NA,NA,N,NA, ,NA,N , ,1 ,N,  ,NA, ,NA,NA,NA  ,NA, ,N,MO,2 ,B ,NA,  ,NA,N ,V,S,3 ,NA,N ,NA,12,NA,N ,  ,NULL,,,,,1 ,8 ,34,34,,,,,,,,,,,,12,,,,,,,,,,,,,,,,,,,,,,,,,,,,,,,,,,,,,,,,,,,,,,,
0100118744V1 ,0100118744,VA,2011,2000,FORD,,GRY,NA , ,2,3 ,N,NA,NA,NA,N,NA, ,NA,N , ,1 ,N,  ,NA, ,NA,NA,NA  ,NA, ,N,KS,1 ,C ,NA,  ,NA,Y ,V,E,NA,NA,N ,NA,12,NA,N ,  ,NULL,,,,,3 ,8 ,34,,,,,,,,,,,,,7 ,,,,,,,,,,,,,,,,,,,,,,,,,,,,,,,,,,,,,,,,,,,,,,,
0100072476V1 ,0100072476,IL,2011,1999,INFI,,WHI,NA , ,1,3 ,N,NA,NA,NA,N,NA, ,NA,N , ,2 ,N,  ,NA, ,NA,NA,NA  ,NA,U,N,  ,NA,NA,NA,  ,NA,NA,V,E,NA,NA,N ,NA,12,NA,N ,  ,NULL,,,,,1 ,35,1 ,,,,,,,,,,,,,12,,,,,,,,,,,,,,,,,,,,,,,,,,,,,,,,,,,,,,,,,,,,,,,
3100033956V1 ,3100033956,UK,U   ,U   ,CHEV,1500,BLK,NA , ,0,19,N,NA,NA,NA,N,L , ,2 ,A , ,2 ,N,  ,NA, ,NA,NA,NA  ,NA,U,N,NA,NA,NA,NA,  ,NA,U ,V,W,NA,NA,N ,NA,12,NA,N ,  ,NULL,,,,,1 ,8 ,3 ,34,,,,,,,,,,,,12,,,,,,,,,,,,,,,,,,,,,,,,,,,,,,,,,,,,,,,,,,,,,,,
0100031155V2 ,0100031155,MO,2011,1999,PONT,,BLK,NA , ,1,1 ,N,NA,NA,NA,N,NA, ,NA,N , ,13,N,  ,NA, ,NA,NA,NA  ,NA,N,N,  ,NA,NA,NA,  ,NA,NA,V,N,NA,NA,N ,NA,12,NA,N ,  ,NULL,,,,,13,34,,,,,,,,,,,,,,12,,,,,,,,,,,,,,,,,,,,,,,,,,,,,,,,,,,,,,,,,,,,,,,
0100012646V1 ,0100012646,MO,2011,1993,CHEV,,RED,TAN, ,3,19,N,NA,NA,NA,N,U , ,NA,N , ,1 ,N,  ,NA, ,NA,NA,NA  ,NA, ,N,MO,1 ,F ,NA,  ,NA,N ,V,E,NA,NA,N ,NA,12,NA,Y ,  ,NULL,,,,,1 ,8 ,7 ,34,,,,,,,,,,,,4 ,,,,,,,,,,,,,,,,,,,,,,,,,,,,,,,,,,,,,,,,,,,,,,,
0100015496V1 ,0100015496,MO,2010,1994,MERC,,WHI,NA , ,2,1 ,N,NA,NA,NA,N,NA, ,NA,N , ,1 ,N,  ,NA, ,NA,NA,NA  ,NA, ,N,MO,3 ,NA,NA,  ,NA,Y ,V,N,NA,NA,N ,NA,12,NA,N ,  ,NULL,,,,,1 ,34,,,,,,,,,,,,,,4 ,,,,,,,,,,,,,,,,,,,,,,,,,,,,,,,,,,,,,,,,,,,,,,,
0100034398V1 ,0100034398,MO,2011,1998,DODG,,MAR,NA , ,1,3 ,N,NA,NA,NA,N,NA, ,NA,N , ,13,N,  ,NA, ,NA,NA,NA  ,NA, ,N,MO,1 ,A ,NA,  ,NA,Y ,V,N,NA,NA,N ,NA,12,NA,N ,  ,NULL,,,,,1 ,18,34,,,,,,,,,,,,,4 ,,,,,,,,,,,,,,,,,,,,,,,,,,,,,,,,,,,,,,,,,,,,,,,
2100006294V1 ,2100006294,MO,2010,2004,NISS,350,BLK,NA , ,1,1 ,N,NA,NA,NA,N,NA, ,NA,N , ,14,N,  ,NA, ,NA,NA,NA  ,NA, ,Y,MO,1 ,E ,NA,  ,V ,Y ,V,S,NA,NA,N ,NA,12,NA,Y ,  ,NULL,,,,,1 ,34,,,,,,,,,,,,,,12,,,,,,,,,,1 ,12,13,14,,,,,,,,,,,,,,,,,,,,,,,,,,,,,,,,,,
3100011380V1 ,3100011380,MO,2012,2002,MERC,Sable,SIL,NA , ,1,1 ,N,NA,NA,NA,N,NA, ,NA,N , ,18,N,  ,NA, ,NA,NA,NA  ,NA, ,N,MO,1 ,F ,NA,  ,V ,Y ,V,S,NA,NA,N ,NA,12,NA,Y ,  ,NULL,,,,,1 ,7 ,17,21,36,36,36,,,,,,,,,12,,,,,,,,,,1 ,2 ,3 ,4 ,5 ,6 ,7 ,8 ,9 ,10,11,12,13,14,15,16,17,18,19,,,,,,,26        ,20        ,20        ,,,,,,,,,,
0100055251V2 ,0100055251,MO,2010,1996,HOND,,SIL,NA , ,2,1 ,N,NA,NA,NA,N,NA, ,NA,N , ,8 ,N,  ,NA, ,NA,NA,NA  ,NA, ,N,MO,1 ,F ,NA,  ,NA,Y ,V,E,NA,NA,N ,NA,12,NA,N ,  ,NULL,,,,,12,34,,,,,,,,,,,,,,12,,,,,,,,,,,,,,,,,,,,,,,,,,,,,,,,,,,,,,,,,,,,,,,
0100018556V1 ,0100018556,MO,2010,2002,FORD,,YEL,YEL, ,1,1 ,N,NA,NA,NA,N,NA, ,NA,N , ,1 ,N,  ,NA, ,NA,NA,NA  ,NA, ,N,MO,1 ,F ,NA,  ,NA,Y ,V,W,NA,NA,N ,NA,5 ,NA,N ,  ,NULL,,,,,1 ,8 ,34,,,,,,,,,,,,,12,,,,,,,,,,,,,,,,,,,,,,,,,,,,,,,,,,,,,,,,,,,,,,,
0100081653V1 ,0100081653,MO,2010,1996,JEEP,,WHI,NA , ,1,3 ,N,NA,NA,NA,N,NA, ,NA,N , ,13,N,  ,NA, ,NA,NA,NA  ,NA, ,N,MO,1 ,F ,NA,  ,NA,N ,V,W,NA,NA,N ,NA,12,NA,Y ,  ,NULL,,,,,1 ,7 ,36,,,,,,,,,,,,,12,,,,,,,,,,,,,,,,,,,,,,,,,,,,,,,,,,,45        ,,,,,,,,,,,,
0100106600V3 ,0100106600,UK,U   ,2011,FORD,,WHI,NA , ,0,3 ,N,NA,NA,NA,N,NA, ,NA,N , ,8 ,N,  ,NA, ,NA,NA,NA  ,NA, ,N,UK,U ,NA,NA,  ,NA,Y ,V,N,3 ,NA,N ,NA,5 ,NA,N ,  ,NULL,,,,,12,34,,,,,,,,,,,,,,12,,,,,,,,,,,,,,,,,,,,,,,,,,,,,,,,,,,,,,,,,,,,,,,
0100099897V1 ,0100099897,MO,2011,1980,CHEV,,BRO,NA , ,1,3 ,N,NA,NA,NA,N,NA, ,NA,N , ,14,N,  ,NA, ,NA,NA,NA  ,NA, ,N,MO,1 ,F ,NA,  ,NA,Y ,V,S,NA,NA,N ,NA,5 ,NA,N ,  ,NULL,,,,,1 ,5 ,34,,,,,,,,,,,,,12,,,,,,,,,,,,,,,,,,,,,,,,,,,,,,,,,,,,,,,,,,,,,,,
0100093803V1 ,0100093803,MO,2011,1996,OLDS,,MAR,NA , ,2,1 ,N,NA,NA,NA,N,NA, ,NA,N , ,1 ,N,  ,NA, ,NA,NA,NA  ,NA, ,N,MO,1 ,F ,NA,  ,NA,Y ,V,N,NA,NA,N ,NA,12,NA,Y ,  ,NULL,,,,,5 ,34,,,,,,,,,,,,,,12,,,,,,,,,,,,,,,,,,,,,,,,,,,,,,,,,,,,,,,,,,,,,,,
3100014240V1 ,3100014240,UK,U   ,U   ,U   ,UNK,UNK,NA , ,0,U ,N,NA,NA,NA,N,NA, ,NA,N , ,14,N,  ,NA, ,NA,NA,NA  ,NA,U,N,NA,NA,NA,NA,  ,NA,U ,V,N,U ,NA,N ,NA,12,NA,U ,  ,NULL,,,,,1 ,20,36,,,,,,,,,,,,,9 ,,,,,,,,,,1 ,2 ,13,14,,,,,,,,,,,,,,,,,,,,,,25        ,,,,,,,,,,,,
0100031220V3 ,0100031220,MO,2012,1994,CHEV,,MAR,NA , ,1,1 ,N,NA,NA,NA,N,NA, ,NA,N , ,13,N,  ,NA, ,NA,NA,NA  ,NA, ,N,MO,1 ,E ,NA,  ,NA,Y ,V,E,NA,NA,N ,NA,5 ,NA,N ,  ,NULL,,,,,12,9 ,1 ,34,,,,,,,,,,,,12,,,,,,,,,,,,,,,,,,,,,,,,,,,,,,,,,,,,,,,,,,,,,,,
0100099044V2 ,0100099044,MO,2010,1999,LEXS,,WHI,WHI, ,1,1 ,N,NA,NA,NA,N,NA, ,NA,N , ,3 ,N,  ,NA, ,NA,NA,NA  ,NA, ,N,MO,1 ,E ,NA,  ,NA,Y ,V,W,NA,NA,N ,NA,12,NA,N ,  ,NULL,,,,,1 ,34,,,,,,,,,,,,,,12,,,,,,,,,,,,,,,,,,,,,,,,,,,,,,,,,,,,,,,,,,,,,,,
0100096039V2 ,0100096039,MO,2012,2002,CHEV,,BLK,NA , ,2,1 ,N,NA,NA,NA,N,NA, ,NA,N , ,13,N,  ,NA, ,NA,NA,NA  ,NA, ,N,MO,1 ,F ,NA,  ,NA,Y ,V,W,NA,NA,N ,NA,12,NA,N ,  ,NULL,,,,,12,5 ,34,,,,,,,,,,,,,12,,,,,,,,,,,,,,,,,,,,,,,,,,,,,,,,,,,,,,,,,,,,,,,
0100081404V1 ,0100081404,MO,2009,2003,DODG,,MAR,NA , ,1,5 ,N,NA,NA,NA,N,NA, ,NA,N , ,1 ,N,  ,NA, ,NA,NA,NA  ,NA, ,N,MO,1 ,F ,NA,  ,NA,N ,V,S,NA,NA,N ,NA,12,NA,N ,  ,NULL,,,,,3 ,2 ,34,,,,,,,,,,,,,7 ,,,,,,,,,,,,,,,,,,,,,,,,,,,,,,,,,,,,,,,,,,,,,,,
0100107589V2 ,0100107589,MO,2011,2003,VOLK,,GRY,NA , ,1,1 ,N,NA,NA,NA,N,NA, ,NA,N , ,12,N,  ,NA, ,NA,NA,NA  ,NA, ,N,MO,1 ,F ,NA,  ,NA,Y ,V,N,NA,NA,N ,NA,5 ,NA,N ,  ,NULL,,,,,1 ,34,,,,,,,,,,,,,,12,,,,,,,,,,,,,,,,,,,,,,,,,,,,,,,,,,,,,,,,,,,,,,,
3100013902V1 ,3100013902,UK,U   ,U   ,U   ,UNK,RED,NA , ,0,U ,N,NA,NA,NA,N,NA, ,NA,N , ,NA,N,  ,NA, ,NA,NA,NA  ,NA,U,Y,UK,U ,NA,NA,  ,V ,U ,V,W,NA,NA,N ,NA,12,NA,N ,  ,NULL,,,,,1 ,20,36,29,,,,,,,,,,,,12,,,,,,,,,,1 ,,,,,,,,,,,,,,,,,,,,,,,,,30        ,,,,,,,,,,,,
0100018312V1 ,0100018312,IL,2010,2005,DODG,,SIL,NA , ,1,19,N,NA,NA,NA,N,U , ,NA,N , ,1 ,N,  ,NA, ,NA,NA,NA  ,NA, ,N,IL,1 ,D ,NA,  ,NA,Y ,V,N,3 ,NA,N ,NA,12,NA,N ,  ,NULL,,,,,1 ,8 ,7 ,15,21,36,,,,,,,,,,12,,,,,,,,,,,,,,,,,,,,,,,,,,,,,,,,,,,23        ,,,,,,,,,,,,
0100037193V1 ,0100037193,MO,2011,2003,PONT,,WHI,NA , ,2,1 ,N,NA,NA,NA,N,NA, ,NA,N ,Y,1 ,N,  ,NA, ,NA,NA,NA  ,NA, ,N,MO,1 ,F ,NA,  ,NA,Y ,V,W,NA,NA,N ,NA,12,NA,N ,  ,NULL,,,,,1 ,8 ,34,,,,,,,,,,,,,12,,,,,,,,,,,,,,,,,,,,,,,,,,,,,,,,,,,,,,,,,,,,,,,
0100058683V2 ,0100058683,MO,2010,1991,CHEV,,BLK,NA , ,1,19,N,NA,NA,NA,N,L , ,NA,N , ,21,N,  ,NA, ,NA,NA,NA  ,NA, ,N,UK,U ,NA,NA,  ,NA,Y ,V,N,NA,NA,N ,NA,12,NA,N ,  ,NULL,,,,,5 ,34,26,,,,,,,,,,,,,12,,,,,,,,,,,,,,,,,,,,,,,,,,,,,,,,,,,,,,,,,,,,,,,
3100026441V2 ,3100026441,MO,2011,2003,CHEV,1500,WHI,NA , ,2,19,N,NA,NA,NA,N,L , ,NA,N , ,8 ,N,  ,NA, ,NA,NA,NA  ,NA, ,N,MO,1 ,E ,NA,  ,V ,Y ,V,W,NA,NA,N ,NA,12,NA,N ,  ,NULL,,,,,1 ,8 ,3 ,34,,,,,,,,,,,,9 ,,,,,,,,,,7 ,8 ,9 ,,,,,,,,,,,,,,,,,,,,,,,,,,,,,,,,,,,
0100102166V1 ,0100102166,MO,2012,2007,CHEV,,RED,NA , ,1,1 ,N,NA,NA,NA,N,NA, ,NA,N , ,14,N,  ,NA, ,NA,NA,NA  ,NA, ,N,MO,1 ,F ,NA,  ,NA,Y ,V,W,NA,NA,N ,NA,12,NA,N ,  ,NULL,,,,,5 ,34,,,,,,,,,,,,,,12,,,,,,,,,,,,,,,,,,,,,,,,,,,,,,,,,,,,,,,,,,,,,,,
3100002495V1 ,3100002495,MO,2010,1986,FORD,Conventional,WHI,BLU, ,1,20,N,NA,NA,NA,N,1 , ,NA,N , ,14,N,  ,NA, ,NA,NA,NA  ,NA, ,N,MO,1 ,E ,NA,  ,V ,Y ,V,N,NA,NA,N ,NA,12,NA,N ,  ,NULL,,,,,3 ,1 ,8 ,5 ,17,34,,,,,,,,,,12,,,,,,,,,,14,,,,,,,,,,,,,,,,,,,,,,,,,,,,,,,,,,,,,
3100023379V1 ,3100023379,MO,2011,2007,NISS,Maxima,SIL,NA , ,1,1 ,N,NA,NA,NA,N,NA, ,NA,N , ,8 ,N,  ,NA, ,NA,NA,NA  ,NA, ,Y,MO,1 ,F ,NA,  ,V ,Y ,V,E,3 ,NA,N ,NA,12,NA,N ,  ,NULL,,,,,1 ,15,8 ,34,,,,,,,,,,,,12,,,,,,,,,,8 ,,,,,,,,,,,,,,,,,,,,,,,,,,,,,,,,,,,,,
0100101638V2 ,0100101638,MO,2011,2009,FORD,,SIL,NA , ,2,3 ,N,NA,NA,NA,N,NA, ,NA,N , ,8 ,N,  ,NA, ,NA,NA,NA  ,NA, ,N,MO,1 ,F ,N ,  ,NA,Y ,V,N,NA,NA,N ,NA,5 ,NA,N ,  ,NULL,,,,,12,34,,,,,,,,,,,,,,12,,,,,,,,,,,,,,,,,,,,,,,,,,,,,,,,,,,,,,,,,,,,,,,
3100029625V1 ,3100029625,MO,2012,2002,PONT,Grand Am,SIL,NA , ,1,1 ,N,NA,NA,NA,N,NA, ,NA,N , ,2 ,N,  ,NA, ,NA,NA,NA  ,NA, ,Y,MO,1 ,F ,NA,  ,V ,Y ,V,S,NA,NA,N ,NA,12,NA,N ,  ,NULL,,,,,1 ,7 ,20,36,36,,,,,,,,,,,9 ,,,,,,,,,,1 ,2 ,4 ,10,14,,,,,,,,,,,,,,,,,,,,,21        ,21        ,,,,,,,,,,,
0100032034V1 ,0100032034,NA,NA  ,NA  ,    ,,NA ,NA , ,0,1 ,N,NA,NA,NA,N,NA, ,NA,N , ,4 ,N,  ,NA, ,NA,NA,NA  ,NA,U,N,  ,NA,NA,NA,  ,NA,NA,V,U,NA,NA,N ,NA,12,NA,N ,  ,NULL,,,,,1 ,34,,,,,,,,,,,,,,12,,,,,,,,,,,,,,,,,,,,,,,,,,,,,,,,,,,,,,,,,,,,,,,
0100109044V3 ,0100109044,MO,2012,2008,TOYT,,GRN,NA , ,1,3 ,N,NA,NA,NA,N,NA, ,NA,N , ,7 ,N,  ,NA, ,NA,NA,NA  ,NA, ,N,MO,1 ,F ,NA,  ,NA,Y ,V,W,NA,NA,N ,NA,12,NA,N ,  ,NULL,,,,,12,34,,,,,,,,,,,,,,12,,,,,,,,,,,,,,,,,,,,,,,,,,,,,,,,,,,,,,,,,,,,,,,
3100005477V1 ,3100005477,MO,2010,1996,PONT,GRAND PRIX,BLK,NA , ,2,1 ,N,NA,NA,NA,N,NA, ,NA,N , ,1 ,N,  ,NA, ,NA,NA,NA  ,NA, ,Y,MO,1 ,F ,NA,  ,V ,Y ,V,E,NA,NA,N ,NA,12,NA,N ,  ,NULL,,,,,1 ,2 ,34,,,,,,,,,,,,,12,,,,,,,,,,1 ,2 ,3 ,4 ,12,13,14,15,19,,,,,,,,,,,,,,,,,,,,,,,,,,,,,
0100021184V2 ,0100021184,UK,U   ,U   ,FORD,,RED,NA , ,1,1 ,N,NA,NA,NA,N,NA, ,NA,N , ,1 ,N,  ,NA, ,NA,NA,NA  ,NA, ,N,UK,U ,NA,NA,  ,NA,U ,V,S,NA,NA,N ,NA,12,NA,N ,  ,NULL,,,,,1 ,34,,,,,,,,,,,,,,12,,,,,,,,,,,,,,,,,,,,,,,,,,,,,,,,,,,,,,,,,,,,,,,
0100097230V2 ,0100097230,MO,2012,2008,DODG,,RED,NA , ,2,5 ,N,NA,NA,NA,N,NA, ,NA,N , ,8 ,N,  ,NA, ,NA,NA,NA  ,NA, ,N,MO,1 ,F ,NA,  ,NA,Y ,V,N,3 ,NA,N ,NA,12,NA,N ,  ,NULL,,,,,1 ,34,,,,,,,,,,,,,,12,,,,,,,,,,,,,,,,,,,,,,,,,,,,,,,,,,,,,,,,,,,,,,,
0100063623V1 ,0100063623,MO,2011,2007,TOYT,,BLK,NA , ,3,3 ,N,NA,NA,NA,N,NA, ,NA,N , ,1 ,N,  ,NA, ,NA,NA,NA  ,NA, ,N,MO,1 ,F ,NA,  ,NA,Y ,V,W,NA,NA,N ,NA,12,NA,N ,  ,NULL,,,,,5 ,34,,,,,,,,,,,,,,12,,,,,,,,,,,,,,,,,,,,,,,,,,,,,,,,,,,,,,,,,,,,,,,
3100019073V2 ,3100019073,MO,2011,2006,VOLK,Jetta,WHI,NA , ,2,1 ,N,NA,NA,NA,N,NA, ,NA,N , ,8 ,N,  ,NA, ,NA,NA,NA  ,NA, ,N,IL,2 ,NA,NA,  ,V ,Y ,V,N,3 ,NA,N ,NA,12,NA,Y ,  ,NULL,,,,,1 ,8 ,12,34,34,,,,,,,,,,,12,,,,,,,,,,1 ,2 ,7 ,8 ,9 ,14,15,,,,,,,,,,,,,,,,,,,,,,,,,,,,,,,
0100112109V1 ,0100112109,MO,2011,1999,DODG,,BLU,NA , ,1,19,N,NA,NA,NA,N,U , ,NA,N , ,2 ,N,  ,NA, ,NA,NA,NA  ,NA, ,N,UK,4 ,NA,NA,  ,NA,Y ,V,W,NA,NA,N ,NA,12,NA,N ,  ,NULL,,,,,1 ,2 ,34,,,,,,,,,,,,,12,,,,,,,,,,,,,,,,,,,,,,,,,,,,,,,,,,,,,,,,,,,,,,,
0100071117V2 ,0100071117,MO,2012,2010,KIA ,,ONG,NA , ,2,1 ,N,NA,NA,NA,N,NA, ,NA,N , ,8 ,N,  ,NA, ,NA,NA,NA  ,NA, ,N,MO,1 ,E ,NA,  ,NA,Y ,V,W,3 ,NA,N ,NA,12,NA,N ,  ,NULL,,,,,1 ,8 ,34,,,,,,,,,,,,,12,,,,,,,,,,,,,,,,,,,,,,,,,,,,,,,,,,,,,,,,,,,,,,,
0100030139V2 ,0100030139,MO,2012,1998,HOND,,WHI,NA , ,2,1 ,N,NA,NA,NA,N,NA, ,NA,N , ,8 ,N,  ,NA, ,NA,NA,NA  ,NA, ,N,MO,1 ,F ,NA,  ,NA,Y ,V,E,NA,NA,N ,NA,5 ,NA,Y ,  ,NULL,,,,,12,34,,,,,,,,,,,,,,12,,,,,,,,,,,,,,,,,,,,,,,,,,,,,,,,,,,,,,,,,,,,,,,
0100071930V3 ,0100071930,KS,2011,1998,JEEP,,GRN,NA , ,2,3 ,N,NA,NA,NA,N,NA, ,NA,N , ,8 ,N,  ,NA, ,NA,NA,NA  ,NA, ,N,KS,1 ,C ,N ,  ,NA,Y ,V,W,3 ,NA,N ,NA,5 ,NA,N ,  ,NULL,,,,,12,34,,,,,,,,,,,,,,12,,,,,,,,,,,,,,,,,,,,,,,,,,,,,,,,,,,,,,,,,,,,,,,
2100021234V2 ,2100021234,MO,2011,2007,CHEV,CBT,RED,NA , ,1,1 ,N,NA,NA,NA,N,NA, ,NA,N , ,13,N,  ,NA, ,NA,NA,NA  ,NA, ,Y,MO,1 ,F ,NA,  ,NA,N ,V,W,NA,NA,N ,NA,5 ,NA,Y ,  ,NULL,,,,,1 ,34,,,,,,,,,,,,,,12,,,,,,,,,,1 ,2 ,3 ,13,14,,,,,,,,,,,,,,,,,,,,,,,,,,,,,,,,,
3100024088V2 ,3100024088,MO,2010,2002,PONT,Grand Prix,WHI,NA , ,1,1 ,N,NA,NA,NA,N,NA, ,NA,N , ,6 ,N,  ,NA, ,NA,NA,NA  ,NA, ,N,MO,1 ,F ,NA,  ,V ,Y ,V,N,NA,NA,N ,NA,5 ,NA,N ,  ,NULL,,,,,5 ,34,,,,,,,,,,,,,,12,,,,,,,,,,6 ,7 ,8 ,,,,,,,,,,,,,,,,,,,,,,,,,,,,,,,,,,,
2100013089V2 ,2100013089,MO,2011,2009,PONT,G6,BLU,NA , ,1,1 ,N,NA,NA,NA,N,NA, ,NA,N , ,7 ,N,  ,NA, ,NA,NA,NA  ,NA, ,N,MO,1 ,F ,NA,  ,V ,Y ,V,S,NA,NA,N ,NA,5 ,NA,N ,  ,NULL,,,,,5 ,8 ,34,,,,,,,,,,,,,12,,,,,,,,,,6 ,7 ,8 ,,,,,,,,,,,,,,,,,,,,,,,,,,,,,,,,,,,
0100051650V3 ,0100051650,MO,2010,2002,CHEV,,WHI,NA , ,3,19,N,NA,NA,NA,Y,L , ,NA,N , ,21,N,  ,NA, ,NA,NA,NA  ,NA, ,N,MO,1 ,F ,N ,  ,NA,Y ,V,W,NA,NA,N ,NA,5 ,NA,N ,  ,NULL,,,,,8 ,12,34,,,,,,,,,,,,,12,,,,,,,,,,,,,,,,,,,,,,,,,,,,,,,,,,,,,,,,,,,,,,,
0100032556V2 ,0100032556,MO,2011,1999,FORD,,GRY,NA , ,1,1 ,N,NA,NA,NA,N,NA, ,NA,N , ,8 ,N,  ,NA, ,NA,NA,NA  ,NA, ,N,MO,1 ,F ,NA,  ,NA,Y ,V,S,NA,NA,N ,NA,12,NA,N ,  ,NULL,,,,,1 ,8 ,34,,,,,,,,,,,,,12,,,,,,,,,,,,,,,,,,,,,,,,,,,,,,,,,,,,,,,,,,,,,,,
3100009989V1 ,3100009989,OK,2010,1982,LINC,Towncar,WHI,NA , ,1,1 ,N,NA,NA,NA,N,NA, ,NA,N , ,14,N,  ,NA, ,NA,NA,NA  ,NA, ,N,OK,1 ,D ,NA,  ,V ,Y ,V,E,NA,NA,N ,NA,12,NA,Y ,  ,NULL,,,,,1 ,17,21,36,,,,,,,,,,,,12,,,,,,,,,,11,12,13,14,,,,,,,,,,,,,,,,,,,,,,23        ,,,,,,,,,,,,
0100078969V2 ,0100078969,IL,2010,1997,FORD,,RED,NA , ,0,19,N,NA,NA,NA,N,1 , ,NA,N , ,13,N,  ,NA, ,NA,NA,NA  ,NA,N,N,  ,NA,NA,NA,  ,NA,NA,V,S,NA,NA,N ,NA,12,NA,N ,  ,NULL,,,,,13,35,,,,,,,,,,,,,,12,,,,,,,,,,,,,,,,,,,,,,,,,,,,,,,,,,,,,,,,,,,,,,,
2100018581V2 ,2100018581,MO,2011,2010,MERZ,C35,SIL,NA , ,2,3 ,N,NA,NA,NA,N,NA, ,NA,N , ,1 ,N,  ,NA, ,NA,NA,NA  ,NA, ,Y,MO,1 ,F ,NA,  ,V ,Y ,V,E,NA,NA,N ,NA,12,NA,N ,  ,NULL,,,,,1 ,34,,,,,,,,,,,,,,12,,,,,,,,,,1 ,2 ,14,,,,,,,,,,,,,,,,,,,,,,,,,,,,,,,,,,,
0100040199V1 ,0100040199,NA,NA  ,NA  ,    ,,NA ,NA , ,0,3 ,N,NA,NA,NA,N,NA, ,NA,N , ,U ,N,  ,NA, ,NA,NA,NA  ,NA,U,N,  ,NA,NA,NA,  ,NA,NA,V,S,NA,NA,N ,NA,12,NA,N ,  ,NULL,,,,,1 ,8 ,34,,,,,,,,,,,,,12,,,,,,,,,,,,,,,,,,,,,,,,,,,,,,,,,,,,,,,,,,,,,,,
0100115739V1 ,0100115739,MO,2012,2008,PONT,,SIL,NA , ,1,1 ,N,NA,NA,NA,N,NA, ,NA,N , ,2 ,N,  ,NA, ,NA,NA,NA  ,NA, ,N,MO,1 ,F ,N ,  ,NA,Y ,V,N,NA,NA,N ,NA,12,NA,Y ,  ,NULL,,,,,1 ,20,36,,,,,,,,,,,,,7 ,,,,,,,,,,,,,,,,,,,,,,,,,,,,,,,,,,,22        ,,,,,,,,,,,,
2100000072V1 ,2100000072,MO,NA  ,NA  ,FORD,XPL,BLK,NA , ,1,3 ,N,NA,NA,NA,N,NA, ,NA,N , ,1 ,N,  ,NA, ,NA,NA,NA  ,NA,U,Y,  ,NA,NA,NA,  ,NA,NA,V,W,NA,NA,N ,NA,12,NA,N ,  ,NULL,,,,,1 ,30,35,,,,,,,,,,,,,12,,,,,,,,,,1 ,,,,,,,,,,,,,,,,,,,,,,,,,,,,,,,,,,,,,
0100081362V2 ,0100081362,MO,2011,1993,NISS,,RED,NA , ,2,5 ,N,NA,NA,NA,N,NA, ,NA,N , ,7 ,N,  ,NA, ,NA,NA,NA  ,NA, ,N,MO,1 ,F ,NA,  ,NA,Y ,V,W,NA,NA,N ,NA,12,NA,N ,  ,NULL,,,,,12,34,34,,,,,,,,,,,,,12,,,,,,,,,,,,,,,,,,,,,,,,,,,,,,,,,,,,,,,,,,,,,,,
0100085849V1 ,0100085849,MO,2011,2007,PONT,,WHI,NA , ,3,1 ,N,NA,NA,NA,N,NA, ,NA,N , ,7 ,N,  ,NA, ,NA,NA,NA  ,NA, ,N,MO,U ,NA,NA,  ,NA,Y ,V,S,3 ,NA,N ,NA,12,NA,N ,  ,NULL,,,,,1 ,8 ,34,,,,,,,,,,,,,12,,,,,,,,,,,,,,,,,,,,,,,,,,,,,,,,,,,,,,,,,,,,,,,
0100033206V1 ,0100033206,MO,U   ,2008,BMW ,,SIL,NA , ,1,1 ,N,NA,NA,NA,N,NA, ,NA,N , ,14,N,  ,NA, ,NA,NA,NA  ,NA, ,N,MO,1 ,E ,NA,  ,NA,Y ,V,S,NA,NA,N ,NA,12,NA,N ,  ,NULL,,,,,1 ,17,34,,,,,,,,,,,,,12,,,,,,,,,,,,,,,,,,,,,,,,,,,,,,,,,,,,,,,,,,,,,,,
0100034255V3 ,0100034255,UK,U   ,U   ,U   ,,NA ,NA , ,1,U ,N,NA,NA,NA,N,NA, ,NA,N ,Y,NA,N,  ,NA, ,NA,NA,NA  ,NA, ,N,UK,U ,NA,NA,  ,NA,U ,V,U,NA,NA,N ,NA,12,NA,N ,  ,NULL,,,,,12,34,,,,,,,,,,,,,,U ,,,,,,,,,,,,,,,,,,,,,,,,,,,,,,,,,,,,,,,,,,,,,,,
0100018923V1 ,0100018923,MO,2010,1994,PONT,,BLU,NA , ,1,1 ,N,NA,NA,NA,N,NA, ,NA,N , ,14,N,  ,NA, ,NA,NA,NA  ,NA, ,N,MO,1 ,F ,N ,  ,NA,Y ,V,S,NA,NA,N ,NA,12,NA,N ,  ,NULL,,,,,1 ,7 ,35,,,,,,,,,,,,,12,,,,,,,,,,,,,,,,,,,,,,,,,,,,,,,,,,,,,,,,,,,,,,,
0100102714V2 ,0100102714,MO,2011,1998,TOYT,,WHI,NA , ,1,1 ,N,NA,NA,NA,N,NA, ,NA,N , ,8 ,N,  ,NA, ,NA,NA,NA  ,NA, ,N,MO,1 ,F ,NA,  ,NA,Y ,V,W,NA,NA,N ,NA,5 ,NA,N ,  ,NULL,,,,,12,34,1 ,34,,,,,,,,,,,,12,,,,,,,,,,,,,,,,,,,,,,,,,,,,,,,,,,,,,,,,,,,,,,,
0100096662V1 ,0100096662,MO,2011,2001,TOYT,,TAN,TAN, ,1,5 ,N,NA,NA,NA,N,NA, ,NA,N , ,13,N,  ,NA, ,NA,NA,NA  ,NA, ,N,MO,1 ,F ,NA,  ,NA,Y ,V,E,NA,NA,N ,NA,12,NA,Y ,  ,NULL,,,,,14,34,,,,,,,,,,,,,,12,,,,,,,,,,,,,,,,,,,,,,,,,,,,,,,,,,,,,,,,,,,,,,,
